LocationID,LocationType,Zone
5210,Hub,1
5211,Hub,2
5212,Hub,3
5213,Hub,4
5214,Hub,5
5215,Hub,6
5216,Hub,7
5218,Hub,8
5219,Hub,9
5220,Hub,10
5221,Hub,11
5241,Hub,12
5245,Hub,13
5246,Hub,14
5247,Hub,15
5274,Hub,16
6108,Hub,17
9004,Hub,18
9018,Hub,19
9019,Hub,20
9020,Hub,21
10001,PDLocation,3
10002,PDLocation,3
10003,PDLocation,3
10004,PDLocation,3
10005,PDLocation,3
10006,PDLocation,3
10007,PDLocation,3
10008,PDLocation,3
10009,PDLocation,3
10010,PDLocation,3
10011,PDLocation,3
10012,PDLocation,3
10013,PDLocation,3
10014,PDLocation,3
10015,PDLocation,3
10016,PDLocation,21
10017,PDLocation,21
10018,PDLocation,21
10019,PDLocation,21
10020,PDLocation,21
10021,PDLocation,21
10022,PDLocation,21
10023,PDLocation,21
10024,PDLocation,21
10025,PDLocation,17
10026,PDLocation,17
10027,PDLocation,17
10028,PDLocation,17
10029,PDLocation,17
10030,PDLocation,17
10031,PDLocation,17
10032,PDLocation,17
10033,PDLocation,17
10034,PDLocation,17
10035,PDLocation,17
10036,PDLocation,17
10037,PDLocation,17
10038,PDLocation,17
10039,PDLocation,17
10040,PDLocation,17
10041,PDLocation,17
10042,PDLocation,17
10043,PDLocation,15
10044,PDLocation,15
10045,PDLocation,15
10046,PDLocation,15
10047,PDLocation,15
10048,PDLocation,15
10049,PDLocation,15
10050,PDLocation,15
10051,PDLocation,6
10052,PDLocation,6
10053,PDLocation,6
10054,PDLocation,6
10055,PDLocation,6
10056,PDLocation,6
10057,PDLocation,6
10058,PDLocation,7
10059,PDLocation,7
10060,PDLocation,7
10061,PDLocation,7
10062,PDLocation,7
10063,PDLocation,7
10064,PDLocation,7
10065,PDLocation,7
10066,PDLocation,7
10067,PDLocation,7
10068,PDLocation,7
10069,PDLocation,7
10070,PDLocation,7
10071,PDLocation,7
10072,PDLocation,7
10073,PDLocation,7
10074,PDLocation,7
10075,PDLocation,7
10076,PDLocation,7
10077,PDLocation,7
10078,PDLocation,7
10079,PDLocation,7
10080,PDLocation,7
10081,PDLocation,7
10082,PDLocation,7
10083,PDLocation,4
10084,PDLocation,4
10085,PDLocation,4
10086,PDLocation,4
10087,PDLocation,4
10088,PDLocation,4
10089,PDLocation,4
10090,PDLocation,4
10091,PDLocation,4
10092,PDLocation,4
10093,PDLocation,4
10094,PDLocation,4
10095,PDLocation,4
10096,PDLocation,4
10097,PDLocation,4
10098,PDLocation,4
10099,PDLocation,4
10100,PDLocation,4
10101,PDLocation,4
10102,PDLocation,20
10103,PDLocation,20
10104,PDLocation,20
10105,PDLocation,20
10106,PDLocation,20
10107,PDLocation,20
10108,PDLocation,20
10109,PDLocation,20
10110,PDLocation,8
10111,PDLocation,8
10112,PDLocation,8
10113,PDLocation,8
10114,PDLocation,8
10115,PDLocation,8
10116,PDLocation,8
10117,PDLocation,8
10118,PDLocation,8
10119,PDLocation,8
10120,PDLocation,8
10121,PDLocation,8
10122,PDLocation,8
10123,PDLocation,8
10124,PDLocation,8
10125,PDLocation,8
10126,PDLocation,8
10127,PDLocation,12
10128,PDLocation,12
10129,PDLocation,12
10130,PDLocation,12
10131,PDLocation,12
10132,PDLocation,12
10133,PDLocation,12
10134,PDLocation,12
10135,PDLocation,12
10136,PDLocation,12
10137,PDLocation,12
10138,PDLocation,12
10139,PDLocation,12
10140,PDLocation,12
10141,PDLocation,12
10142,PDLocation,12
10143,PDLocation,12
10144,PDLocation,12
10145,PDLocation,12
10146,PDLocation,11
10147,PDLocation,11
10148,PDLocation,11
10149,PDLocation,11
10150,PDLocation,11
10151,PDLocation,11
10152,PDLocation,11
10153,PDLocation,11
10154,PDLocation,15
10155,PDLocation,15
10156,PDLocation,15
10157,PDLocation,15
10158,PDLocation,15
10159,PDLocation,15
10160,PDLocation,15
10161,PDLocation,15
10162,PDLocation,15
10163,PDLocation,15
10164,PDLocation,15
10165,PDLocation,15
10166,PDLocation,15
10167,PDLocation,15
10168,PDLocation,15
10169,PDLocation,18
10170,PDLocation,18
10171,PDLocation,18
10172,PDLocation,18
10173,PDLocation,18
10174,PDLocation,18
10175,PDLocation,18
10176,PDLocation,18
10177,PDLocation,18
10178,PDLocation,4
10179,PDLocation,4
10180,PDLocation,4
10181,PDLocation,4
10182,PDLocation,4
10183,PDLocation,4
10184,PDLocation,4
10185,PDLocation,4
10186,PDLocation,4
10187,PDLocation,4
10188,PDLocation,4
10189,PDLocation,5
10190,PDLocation,5
10191,PDLocation,5
10192,PDLocation,5
10193,PDLocation,5
10194,PDLocation,5
10195,PDLocation,5
10196,PDLocation,5
10197,PDLocation,5
10198,PDLocation,5
10199,PDLocation,5
10200,PDLocation,5
10201,PDLocation,5
10202,PDLocation,5
10203,PDLocation,5
10204,PDLocation,5
10205,PDLocation,5
10206,PDLocation,12
10207,PDLocation,12
10208,PDLocation,12
10209,PDLocation,12
10210,PDLocation,12
10211,PDLocation,12
10212,PDLocation,12
10213,PDLocation,12
10214,PDLocation,12
10215,PDLocation,12
10216,PDLocation,12
10217,PDLocation,12
10218,PDLocation,7
10219,PDLocation,7
10220,PDLocation,7
10221,PDLocation,7
10222,PDLocation,7
10223,PDLocation,7
10224,PDLocation,7
10225,PDLocation,7
10226,PDLocation,7
10227,PDLocation,7
10228,PDLocation,7
10229,PDLocation,7
10230,PDLocation,6
10231,PDLocation,6
10232,PDLocation,6
10233,PDLocation,6
10234,PDLocation,6
10235,PDLocation,6
10236,PDLocation,6
10237,PDLocation,6
10238,PDLocation,6
10239,PDLocation,6
10240,PDLocation,6
10241,PDLocation,6
10242,PDLocation,6
10243,PDLocation,6
10244,PDLocation,16
10245,PDLocation,16
10246,PDLocation,16
10247,PDLocation,16
10248,PDLocation,16
10249,PDLocation,16
10250,PDLocation,16
10251,PDLocation,16
10252,PDLocation,16
10253,PDLocation,16
10254,PDLocation,16
10255,PDLocation,16
10256,PDLocation,16
10257,PDLocation,16
10258,PDLocation,16
10259,PDLocation,16
10260,PDLocation,16
10261,PDLocation,16
10262,PDLocation,16
10263,PDLocation,21
10264,PDLocation,21
10265,PDLocation,21
10266,PDLocation,21
10267,PDLocation,21
10268,PDLocation,21
10269,PDLocation,21
10270,PDLocation,21
10271,PDLocation,21
10272,PDLocation,21
10273,PDLocation,21
10274,PDLocation,21
10275,PDLocation,21
10276,PDLocation,21
10277,PDLocation,21
10278,PDLocation,21
10279,PDLocation,21
10280,PDLocation,2
10281,PDLocation,2
10282,PDLocation,2
10283,PDLocation,2
10284,PDLocation,2
10285,PDLocation,2
10286,PDLocation,2
10287,PDLocation,2
10288,PDLocation,2
10289,PDLocation,21
10290,PDLocation,21
10291,PDLocation,21
10292,PDLocation,21
10293,PDLocation,21
10294,PDLocation,21
10295,PDLocation,21
10296,PDLocation,21
10297,PDLocation,21
10298,PDLocation,21
10299,PDLocation,21
10300,PDLocation,15
10301,PDLocation,15
10302,PDLocation,15
10303,PDLocation,15
10304,PDLocation,15
10305,PDLocation,15
10306,PDLocation,15
10307,PDLocation,15
10308,PDLocation,15
10309,PDLocation,15
10310,PDLocation,15
10311,PDLocation,15
10312,PDLocation,15
10313,PDLocation,15
10314,PDLocation,15
10315,PDLocation,15
10316,PDLocation,15
10317,PDLocation,15
10318,PDLocation,15
10319,PDLocation,15
10320,PDLocation,15
10321,PDLocation,15
10322,PDLocation,15
10323,PDLocation,15
10324,PDLocation,15
10325,PDLocation,15
10326,PDLocation,15
10327,PDLocation,15
10328,PDLocation,15
10329,PDLocation,11
10330,PDLocation,11
10331,PDLocation,11
10332,PDLocation,11
10333,PDLocation,11
10334,PDLocation,11
10335,PDLocation,11
10336,PDLocation,11
10337,PDLocation,11
10338,PDLocation,11
10339,PDLocation,11
10340,PDLocation,11
10341,PDLocation,11
10342,PDLocation,11
10343,PDLocation,9
10344,PDLocation,9
10345,PDLocation,9
10346,PDLocation,9
10347,PDLocation,9
10348,PDLocation,9
10349,PDLocation,9
10350,PDLocation,9
10351,PDLocation,9
10352,PDLocation,20
10353,PDLocation,20
10354,PDLocation,20
10355,PDLocation,20
10356,PDLocation,20
10357,PDLocation,20
10358,PDLocation,20
10359,PDLocation,20
10360,PDLocation,20
10361,PDLocation,20
10362,PDLocation,20
10363,PDLocation,20
10364,PDLocation,20
10365,PDLocation,20
10366,PDLocation,20
10367,PDLocation,20
10368,PDLocation,20
10369,PDLocation,20
10370,PDLocation,20
10371,PDLocation,20
10372,PDLocation,20
10373,PDLocation,20
10374,PDLocation,21
10375,PDLocation,21
10376,PDLocation,21
10377,PDLocation,21
10378,PDLocation,3
10379,PDLocation,3
10380,PDLocation,3
10381,PDLocation,3
10382,PDLocation,3
10383,PDLocation,3
10384,PDLocation,3
10385,PDLocation,3
10386,PDLocation,3
10387,PDLocation,3
10388,PDLocation,3
10389,PDLocation,3
10390,PDLocation,4
10391,PDLocation,4
10392,PDLocation,4
10393,PDLocation,4
10394,PDLocation,4
10395,PDLocation,4
10396,PDLocation,4
10397,PDLocation,4
10398,PDLocation,4
10399,PDLocation,4
10400,PDLocation,4
10401,PDLocation,4
10402,PDLocation,4
10403,PDLocation,3
10404,PDLocation,3
10405,PDLocation,3
10406,PDLocation,3
10407,PDLocation,3
10408,PDLocation,3
10409,PDLocation,3
10410,PDLocation,3
10411,PDLocation,3
10412,PDLocation,3
10413,PDLocation,3
10414,PDLocation,3
10415,PDLocation,3
10416,PDLocation,1
10417,PDLocation,2
10418,PDLocation,1
10419,PDLocation,2
10420,PDLocation,2
10421,PDLocation,2
10422,PDLocation,2
10423,PDLocation,2
10424,PDLocation,2
10425,PDLocation,2
10426,PDLocation,1
10427,PDLocation,2
10428,PDLocation,2
10429,PDLocation,2
10430,PDLocation,2
10431,PDLocation,1
10432,PDLocation,2
10433,PDLocation,2
10434,PDLocation,2
10435,PDLocation,2
10436,PDLocation,2
10437,PDLocation,2
10438,PDLocation,1
10439,PDLocation,2
10440,PDLocation,1
10441,PDLocation,2
10442,PDLocation,1
10443,PDLocation,1
10444,PDLocation,1
10445,PDLocation,2
10446,PDLocation,2
10447,PDLocation,1
10448,PDLocation,2
10449,PDLocation,1
10450,PDLocation,2
10451,PDLocation,1
10452,PDLocation,1
10453,PDLocation,1
10454,PDLocation,2
10455,PDLocation,8
10456,PDLocation,8
10457,PDLocation,8
10458,PDLocation,8
10459,PDLocation,8
10460,PDLocation,8
10461,PDLocation,8
10462,PDLocation,8
10463,PDLocation,8
10464,PDLocation,8
10465,PDLocation,8
10466,PDLocation,8
10467,PDLocation,8
10468,PDLocation,8
10469,PDLocation,8
10470,PDLocation,8
10471,PDLocation,8
10472,PDLocation,8
10473,PDLocation,8
10474,PDLocation,8
10475,PDLocation,8
10476,PDLocation,8
10477,PDLocation,8
10478,PDLocation,8
10479,PDLocation,8
10480,PDLocation,8
10481,PDLocation,8
10482,PDLocation,8
10483,PDLocation,8
10484,PDLocation,8
10485,PDLocation,15
10486,PDLocation,15
10487,PDLocation,15
10488,PDLocation,15
10489,PDLocation,15
10490,PDLocation,15
10491,PDLocation,15
10492,PDLocation,15
10493,PDLocation,18
10494,PDLocation,18
10495,PDLocation,18
10496,PDLocation,18
10497,PDLocation,18
10498,PDLocation,18
10499,PDLocation,18
10500,PDLocation,18
10501,PDLocation,18
10502,PDLocation,18
10503,PDLocation,18
10504,PDLocation,18
10505,PDLocation,18
10506,PDLocation,18
10507,PDLocation,18
10508,PDLocation,18
10509,PDLocation,18
10510,PDLocation,18
10511,PDLocation,18
10512,PDLocation,18
10513,PDLocation,14
10514,PDLocation,14
10515,PDLocation,14
10516,PDLocation,14
10517,PDLocation,14
10518,PDLocation,14
10519,PDLocation,14
10520,PDLocation,14
10521,PDLocation,14
10522,PDLocation,14
10523,PDLocation,14
10524,PDLocation,14
10525,PDLocation,14
10526,PDLocation,14
10527,PDLocation,14
10528,PDLocation,14
10529,PDLocation,2
10530,PDLocation,2
10531,PDLocation,2
10532,PDLocation,2
10533,PDLocation,2
10534,PDLocation,2
10535,PDLocation,2
10536,PDLocation,2
10537,PDLocation,14
10538,PDLocation,14
10539,PDLocation,14
10540,PDLocation,14
10541,PDLocation,14
10542,PDLocation,14
10543,PDLocation,14
10544,PDLocation,1
10545,PDLocation,1
10546,PDLocation,1
10547,PDLocation,1
10548,PDLocation,1
10549,PDLocation,1
10550,PDLocation,1
10551,PDLocation,1
10552,PDLocation,1
10553,PDLocation,1
10554,PDLocation,1
10555,PDLocation,1
10556,PDLocation,13
10557,PDLocation,13
10558,PDLocation,13
10559,PDLocation,13
10560,PDLocation,13
10561,PDLocation,13
10562,PDLocation,13
10563,PDLocation,13
10564,PDLocation,13
10565,PDLocation,13
10566,PDLocation,13
10567,PDLocation,13
10568,PDLocation,13
10569,PDLocation,13
10570,PDLocation,13
10571,PDLocation,13
10572,PDLocation,13
10573,PDLocation,13
10574,PDLocation,13
10575,PDLocation,13
10576,PDLocation,13
10577,PDLocation,13
10578,PDLocation,13
10579,PDLocation,13
10580,PDLocation,13
10581,PDLocation,13
10582,PDLocation,13
10583,PDLocation,13
10584,PDLocation,13
10585,PDLocation,13
10586,PDLocation,13
10587,PDLocation,11
10588,PDLocation,11
10589,PDLocation,11
10590,PDLocation,11
10591,PDLocation,11
10592,PDLocation,11
10593,PDLocation,11
10594,PDLocation,11
10595,PDLocation,11
10596,PDLocation,11
10597,PDLocation,11
10598,PDLocation,11
10599,PDLocation,11
10600,PDLocation,9
10601,PDLocation,9
10602,PDLocation,9
10603,PDLocation,9
10604,PDLocation,9
10605,PDLocation,9
10606,PDLocation,9
10607,PDLocation,9
10608,PDLocation,9
10609,PDLocation,9
10610,PDLocation,9
10611,PDLocation,9
10612,PDLocation,9
10613,PDLocation,9
10614,PDLocation,8
10615,PDLocation,8
10616,PDLocation,8
10617,PDLocation,8
10618,PDLocation,8
10619,PDLocation,8
10620,PDLocation,8
10621,PDLocation,8
10622,PDLocation,8
10623,PDLocation,8
10624,PDLocation,8
10625,PDLocation,8
10626,PDLocation,8
10627,PDLocation,8
10628,PDLocation,8
10629,PDLocation,8
10630,PDLocation,9
10631,PDLocation,9
10632,PDLocation,9
10633,PDLocation,9
10634,PDLocation,9
10635,PDLocation,9
10636,PDLocation,9
10637,PDLocation,9
10638,PDLocation,9
10639,PDLocation,9
10640,PDLocation,21
10641,PDLocation,21
10642,PDLocation,21
10643,PDLocation,21
10644,PDLocation,21
10645,PDLocation,21
10646,PDLocation,21
10647,PDLocation,21
10648,PDLocation,21
10649,PDLocation,21
10650,PDLocation,10
10651,PDLocation,10
10652,PDLocation,10
10653,PDLocation,10
10654,PDLocation,10
10655,PDLocation,10
10656,PDLocation,10
10657,PDLocation,10
10658,PDLocation,10
10659,PDLocation,10
10660,PDLocation,10
10661,PDLocation,10
10662,PDLocation,15
10663,PDLocation,15
10664,PDLocation,15
10665,PDLocation,15
10666,PDLocation,15
10667,PDLocation,15
10668,PDLocation,14
10669,PDLocation,14
10670,PDLocation,14
10671,PDLocation,14
10672,PDLocation,14
10673,PDLocation,14
10674,PDLocation,14
10675,PDLocation,14
10676,PDLocation,14
10677,PDLocation,14
10678,PDLocation,14
10679,PDLocation,14
10680,PDLocation,14
10681,PDLocation,14
10682,PDLocation,6
10683,PDLocation,6
10684,PDLocation,6
10685,PDLocation,6
10686,PDLocation,6
10687,PDLocation,6
10688,PDLocation,6
10689,PDLocation,6
10690,PDLocation,6
10691,PDLocation,6
10692,PDLocation,6
10693,PDLocation,6
10694,PDLocation,6
10695,PDLocation,6
10696,PDLocation,6
10697,PDLocation,6
10698,PDLocation,6
10699,PDLocation,6
10700,PDLocation,6
10701,PDLocation,20
10702,PDLocation,20
10703,PDLocation,20
10704,PDLocation,20
10705,PDLocation,20
10706,PDLocation,20
10707,PDLocation,20
10708,PDLocation,20
10709,PDLocation,20
10710,PDLocation,20
10711,PDLocation,20
10712,PDLocation,20
10713,PDLocation,1
10714,PDLocation,1
10715,PDLocation,1
10716,PDLocation,1
10717,PDLocation,1
10718,PDLocation,1
10719,PDLocation,1
10720,PDLocation,1
10721,PDLocation,1
10722,PDLocation,1
10723,PDLocation,1
10724,PDLocation,1
10725,PDLocation,1
10726,PDLocation,1
10727,PDLocation,1
10728,PDLocation,1
10729,PDLocation,6
10730,PDLocation,6
10731,PDLocation,6
10732,PDLocation,6
10733,PDLocation,6
10734,PDLocation,6
10735,PDLocation,6
10736,PDLocation,6
10737,PDLocation,6
10738,PDLocation,6
10739,PDLocation,6
10740,PDLocation,6
10741,PDLocation,6
10742,PDLocation,6
10743,PDLocation,6
10744,PDLocation,6
10745,PDLocation,6
10746,PDLocation,21
10747,PDLocation,21
10748,PDLocation,21
10749,PDLocation,21
10750,PDLocation,21
10751,PDLocation,21
10752,PDLocation,21
10753,PDLocation,6
10754,PDLocation,6
10755,PDLocation,6
10756,PDLocation,6
10757,PDLocation,6
10758,PDLocation,6
10759,PDLocation,6
10760,PDLocation,6
10761,PDLocation,6
10762,PDLocation,14
10763,PDLocation,14
10764,PDLocation,14
10765,PDLocation,14
10766,PDLocation,14
10767,PDLocation,14
10768,PDLocation,14
10769,PDLocation,14
10770,PDLocation,14
10771,PDLocation,14
10772,PDLocation,14
10773,PDLocation,14
10774,PDLocation,14
10775,PDLocation,14
10776,PDLocation,14
10777,PDLocation,14
10778,PDLocation,14
10779,PDLocation,2
10780,PDLocation,2
10781,PDLocation,2
10782,PDLocation,2
10783,PDLocation,2
10784,PDLocation,2
10785,PDLocation,2
10786,PDLocation,2
10787,PDLocation,2
10788,PDLocation,6
10789,PDLocation,6
10790,PDLocation,6
10791,PDLocation,6
10792,PDLocation,6
10793,PDLocation,6
10794,PDLocation,6
10795,PDLocation,6
10796,PDLocation,6
10797,PDLocation,6
10798,PDLocation,6
10799,PDLocation,6
10800,PDLocation,20
10801,PDLocation,20
10802,PDLocation,20
10803,PDLocation,20
10804,PDLocation,20
10805,PDLocation,20
10806,PDLocation,20
10807,PDLocation,20
10808,PDLocation,20
10809,PDLocation,20
10810,PDLocation,20
10811,PDLocation,20
10812,PDLocation,20
10813,PDLocation,20
10814,PDLocation,20
10815,PDLocation,20
10816,PDLocation,20
10817,PDLocation,20
10818,PDLocation,15
10819,PDLocation,15
10820,PDLocation,15
10821,PDLocation,15
10822,PDLocation,15
10823,PDLocation,15
10824,PDLocation,15
10825,PDLocation,15
10826,PDLocation,9
10827,PDLocation,9
10828,PDLocation,9
10829,PDLocation,9
10830,PDLocation,9
10831,PDLocation,9
10832,PDLocation,9
10833,PDLocation,9
10834,PDLocation,9
10835,PDLocation,9
10836,PDLocation,9
10837,PDLocation,11
10838,PDLocation,11
10839,PDLocation,11
10840,PDLocation,11
10841,PDLocation,11
10842,PDLocation,11
10843,PDLocation,15
10844,PDLocation,15
10845,PDLocation,15
10846,PDLocation,15
10847,PDLocation,15
10848,PDLocation,15
10849,PDLocation,15
10850,PDLocation,15
10851,PDLocation,15
10852,PDLocation,15
10853,PDLocation,15
10854,PDLocation,15
10855,PDLocation,7
10856,PDLocation,7
10857,PDLocation,7
10858,PDLocation,7
10859,PDLocation,7
10860,PDLocation,7
10861,PDLocation,7
10862,PDLocation,7
10863,PDLocation,7
10864,PDLocation,7
10865,PDLocation,7
10866,PDLocation,7
10867,PDLocation,7
10868,PDLocation,7
10869,PDLocation,18
10870,PDLocation,18
10871,PDLocation,18
10872,PDLocation,18
10873,PDLocation,18
10874,PDLocation,18
10875,PDLocation,13
10876,PDLocation,13
10877,PDLocation,13
10878,PDLocation,13
10879,PDLocation,13
10880,PDLocation,13
10881,PDLocation,13
10882,PDLocation,20
10883,PDLocation,20
10884,PDLocation,20
10885,PDLocation,13
10886,PDLocation,13
10887,PDLocation,13
10888,PDLocation,13
10889,PDLocation,13
10890,PDLocation,13
10891,PDLocation,7
10892,PDLocation,7
10893,PDLocation,7
10894,PDLocation,7
10895,PDLocation,7
10896,PDLocation,7
10897,PDLocation,7
10898,PDLocation,7
10899,PDLocation,7
10900,PDLocation,21
10901,PDLocation,21
10902,PDLocation,21
10903,PDLocation,21
10904,PDLocation,21
10905,PDLocation,21
10906,PDLocation,21
10907,PDLocation,21
10908,PDLocation,21
10909,PDLocation,21
10910,PDLocation,21
10911,PDLocation,21
10912,PDLocation,21
10913,PDLocation,18
10914,PDLocation,18
10915,PDLocation,18
10916,PDLocation,18
10917,PDLocation,15
10918,PDLocation,15
10919,PDLocation,15
10920,PDLocation,15
10921,PDLocation,15
10922,PDLocation,15
10923,PDLocation,15
10924,PDLocation,15
10925,PDLocation,15
10926,PDLocation,15
10927,PDLocation,5
10928,PDLocation,5
10929,PDLocation,5
10930,PDLocation,5
10931,PDLocation,5
10932,PDLocation,5
10933,PDLocation,18
10934,PDLocation,18
10935,PDLocation,18
10936,PDLocation,18
10937,PDLocation,18
10938,PDLocation,18
10939,PDLocation,9
10940,PDLocation,9
10941,PDLocation,9
10942,PDLocation,9
10943,PDLocation,3
10944,PDLocation,3
10945,PDLocation,3
10946,PDLocation,3
10947,PDLocation,3
10948,PDLocation,3
10949,PDLocation,3
10950,PDLocation,18
10951,PDLocation,18
10952,PDLocation,18
10953,PDLocation,18
10954,PDLocation,18
10955,PDLocation,18
10956,PDLocation,18
10957,PDLocation,18
